Strategie;Puzzle;Taille;Resolu;Temps_ms;Noeuds;Backtracks;Completion_%
Simple Line Solver (D√©duction pure);1;5;OUI;0;2;0;64.00
Simple Line Solver (D√©duction pure);2;5;OUI;0;3;0;48.00
Simple Line Solver (D√©duction pure);3;5;OUI;0;2;0;56.00
Simple Line Solver (D√©duction pure);4;5;OUI;0;2;0;52.00
Simple Line Solver (D√©duction pure);5;5;OUI;0;3;0;48.00
Simple Line Solver (D√©duction pure);6;5;OUI;0;2;0;48.00
Simple Line Solver (D√©duction pure);7;5;OUI;0;2;0;56.00
Simple Line Solver (D√©duction pure);8;5;OUI;0;5;0;40.00
Simple Line Solver (D√©duction pure);9;5;OUI;0;3;0;52.00
Simple Line Solver (D√©duction pure);10;5;OUI;0;1;0;68.00
Simple Line Solver (D√©duction pure);11;6;NON;0;3;0;27.78
Simple Line Solver (D√©duction pure);12;6;OUI;0;2;0;58.33
Simple Line Solver (D√©duction pure);13;6;OUI;0;2;0;47.22
Simple Line Solver (D√©duction pure);14;6;OUI;0;3;0;44.44
Simple Line Solver (D√©duction pure);15;6;OUI;0;2;0;63.89
Simple Line Solver (D√©duction pure);16;6;OUI;0;2;0;55.56
Simple Line Solver (D√©duction pure);17;6;OUI;0;3;0;50.00
Simple Line Solver (D√©duction pure);18;6;OUI;0;2;0;52.78
Simple Line Solver (D√©duction pure);19;6;OUI;0;1;0;63.89
Simple Line Solver (D√©duction pure);20;6;OUI;0;2;0;47.22
Simple Line Solver (D√©duction pure);21;7;OUI;0;2;0;55.10
Simple Line Solver (D√©duction pure);22;7;OUI;0;3;0;51.02
Simple Line Solver (D√©duction pure);23;7;OUI;0;3;0;42.86
Simple Line Solver (D√©duction pure);24;7;OUI;0;2;0;53.06
Simple Line Solver (D√©duction pure);25;7;OUI;0;3;0;44.90
Simple Line Solver (D√©duction pure);26;7;OUI;2;4;0;61.22
Simple Line Solver (D√©duction pure);27;7;OUI;0;8;0;44.90
Simple Line Solver (D√©duction pure);28;7;OUI;0;3;0;51.02
Simple Line Solver (D√©duction pure);29;7;NON;0;3;0;6.12
Simple Line Solver (D√©duction pure);30;7;OUI;0;2;0;57.14
Simple Line Solver (D√©duction pure);31;8;OUI;0;3;0;50.00
Simple Line Solver (D√©duction pure);32;8;OUI;0;3;0;43.75
Simple Line Solver (D√©duction pure);33;8;OUI;0;4;0;42.19
Simple Line Solver (D√©duction pure);34;8;OUI;0;5;0;42.19
Simple Line Solver (D√©duction pure);35;8;OUI;0;3;0;45.31
Simple Line Solver (D√©duction pure);36;8;OUI;0;3;0;54.69
Simple Line Solver (D√©duction pure);37;8;OUI;1;4;0;46.88
Simple Line Solver (D√©duction pure);38;8;NON;0;5;0;35.94
Simple Line Solver (D√©duction pure);39;8;NON;0;5;0;31.25
Simple Line Solver (D√©duction pure);40;8;OUI;0;4;0;54.69
Simple Line Solver (D√©duction pure);41;9;OUI;0;3;0;50.62
Simple Line Solver (D√©duction pure);42;9;OUI;0;7;0;40.74
Simple Line Solver (D√©duction pure);43;9;OUI;3;3;0;55.56
Simple Line Solver (D√©duction pure);44;9;OUI;0;5;0;53.09
Simple Line Solver (D√©duction pure);45;9;OUI;0;3;0;49.38
Simple Line Solver (D√©duction pure);46;5;OUI;0;3;0;52.00
Simple Line Solver (D√©duction pure);47;5;OUI;0;2;0;60.00
Simple Line Solver (D√©duction pure);48;5;OUI;0;2;0;44.00
Simple Line Solver (D√©duction pure);49;5;OUI;0;2;0;68.00
Simple Line Solver (D√©duction pure);50;5;NON;0;3;0;12.00
Simple Line Solver (D√©duction pure);51;5;OUI;0;2;0;56.00
Simple Line Solver (D√©duction pure);52;5;OUI;0;2;0;56.00
Simple Line Solver (D√©duction pure);53;5;OUI;0;2;0;52.00
Simple Line Solver (D√©duction pure);54;5;OUI;0;2;0;56.00
Simple Line Solver (D√©duction pure);55;5;OUI;0;5;0;48.00
Simple Line Solver (D√©duction pure);56;6;OUI;0;2;0;55.56
Simple Line Solver (D√©duction pure);57;6;OUI;0;5;0;41.67
Simple Line Solver (D√©duction pure);58;6;OUI;0;3;0;41.67
Simple Line Solver (D√©duction pure);59;6;OUI;0;3;0;44.44
Simple Line Solver (D√©duction pure);60;6;OUI;0;2;0;36.11
Simple Line Solver (D√©duction pure);61;6;OUI;1;4;0;47.22
Simple Line Solver (D√©duction pure);62;6;OUI;0;2;0;58.33
Simple Line Solver (D√©duction pure);63;6;OUI;0;2;0;55.56
Simple Line Solver (D√©duction pure);64;6;OUI;0;4;0;44.44
Simple Line Solver (D√©duction pure);65;6;OUI;0;3;0;63.89
Simple Line Solver (D√©duction pure);66;7;OUI;0;2;0;48.98
Simple Line Solver (D√©duction pure);67;7;OUI;0;2;0;44.90
Simple Line Solver (D√©duction pure);68;7;OUI;0;3;0;63.27
Simple Line Solver (D√©duction pure);69;7;OUI;0;2;0;48.98
Simple Line Solver (D√©duction pure);70;7;OUI;0;3;0;53.06
Simple Line Solver (D√©duction pure);71;7;OUI;0;3;0;46.94
Simple Line Solver (D√©duction pure);72;7;OUI;0;3;0;51.02
Simple Line Solver (D√©duction pure);73;7;OUI;0;2;0;55.10
Simple Line Solver (D√©duction pure);74;7;OUI;0;2;0;67.35
Simple Line Solver (D√©duction pure);75;7;NON;0;3;0;16.33
Simple Line Solver (D√©duction pure);76;8;OUI;0;2;0;59.38
Simple Line Solver (D√©duction pure);77;8;OUI;0;2;0;57.81
Simple Line Solver (D√©duction pure);78;8;OUI;1;3;0;45.31
Simple Line Solver (D√©duction pure);79;8;OUI;0;3;0;53.13
Simple Line Solver (D√©duction pure);80;8;OUI;0;2;0;53.13
Simple Line Solver (D√©duction pure);81;8;OUI;0;2;0;65.63
Simple Line Solver (D√©duction pure);82;8;NON;0;4;0;29.69
Simple Line Solver (D√©duction pure);83;8;OUI;0;2;0;54.69
Simple Line Solver (D√©duction pure);84;8;OUI;0;4;0;46.88
Simple Line Solver (D√©duction pure);85;8;OUI;1;6;0;45.31
Simple Line Solver (D√©duction pure);86;9;OUI;0;2;0;50.62
Simple Line Solver (D√©duction pure);87;9;OUI;0;7;0;38.27
Simple Line Solver (D√©duction pure);88;9;OUI;0;4;0;48.15
Simple Line Solver (D√©duction pure);89;9;OUI;0;3;0;59.26
Simple Line Solver (D√©duction pure);90;9;OUI;0;3;0;50.62
Simple Line Solver (D√©duction pure);91;5;OUI;0;3;0;52.00
Simple Line Solver (D√©duction pure);92;5;OUI;0;2;0;52.00
Simple Line Solver (D√©duction pure);93;5;OUI;0;2;0;60.00
Simple Line Solver (D√©duction pure);94;5;OUI;0;2;0;60.00
Simple Line Solver (D√©duction pure);95;5;OUI;0;4;0;40.00
Simple Line Solver (D√©duction pure);96;5;OUI;0;4;0;32.00
Simple Line Solver (D√©duction pure);97;5;OUI;0;2;0;52.00
Simple Line Solver (D√©duction pure);98;5;OUI;0;4;0;44.00
Simple Line Solver (D√©duction pure);99;5;OUI;0;2;0;48.00
Simple Line Solver (D√©duction pure);100;5;OUI;0;2;0;64.00
Simple Line Solver (D√©duction pure);101;6;OUI;0;3;0;58.33
Simple Line Solver (D√©duction pure);102;6;OUI;0;3;0;47.22
Simple Line Solver (D√©duction pure);103;6;OUI;0;3;0;55.56
Simple Line Solver (D√©duction pure);104;6;OUI;0;3;0;44.44
Simple Line Solver (D√©duction pure);105;6;OUI;0;3;0;47.22
Simple Line Solver (D√©duction pure);106;6;OUI;0;4;0;50.00
Simple Line Solver (D√©duction pure);107;6;NON;0;3;0;13.89
Simple Line Solver (D√©duction pure);108;6;OUI;0;4;0;50.00
Simple Line Solver (D√©duction pure);109;6;OUI;0;2;0;55.56
Simple Line Solver (D√©duction pure);110;6;OUI;0;2;0;36.11
Simple Line Solver (D√©duction pure);111;7;OUI;0;2;0;42.86
Simple Line Solver (D√©duction pure);112;7;NON;0;5;0;32.65
Simple Line Solver (D√©duction pure);113;7;OUI;0;2;0;55.10
Simple Line Solver (D√©duction pure);114;7;OUI;0;4;0;46.94
Simple Line Solver (D√©duction pure);115;7;OUI;0;4;0;42.86
Simple Line Solver (D√©duction pure);116;7;OUI;0;2;0;46.94
Simple Line Solver (D√©duction pure);117;7;OUI;0;5;0;46.94
Simple Line Solver (D√©duction pure);118;7;OUI;0;2;0;53.06
Simple Line Solver (D√©duction pure);119;7;OUI;0;2;0;55.10
Simple Line Solver (D√©duction pure);120;7;OUI;0;5;0;36.73
Simple Line Solver (D√©duction pure);121;8;NON;0;3;0;7.81
Simple Line Solver (D√©duction pure);122;8;OUI;0;3;0;43.75
Simple Line Solver (D√©duction pure);123;8;OUI;1;6;0;50.00
Simple Line Solver (D√©duction pure);124;8;OUI;0;3;0;45.31
Simple Line Solver (D√©duction pure);125;8;OUI;0;5;0;50.00
Simple Line Solver (D√©duction pure);126;8;OUI;0;4;0;46.88
Simple Line Solver (D√©duction pure);127;8;OUI;0;3;0;45.31
Simple Line Solver (D√©duction pure);128;8;OUI;0;2;0;56.25
Simple Line Solver (D√©duction pure);129;8;OUI;1;3;0;53.13
Simple Line Solver (D√©duction pure);130;8;OUI;0;6;0;54.69
Simple Line Solver (D√©duction pure);131;9;NON;0;9;0;35.80
Simple Line Solver (D√©duction pure);132;9;OUI;0;3;0;54.32
Simple Line Solver (D√©duction pure);133;9;OUI;0;3;0;54.32
Simple Line Solver (D√©duction pure);134;9;OUI;0;4;0;53.09
Simple Line Solver (D√©duction pure);135;9;OUI;1;6;0;49.38
Simple Line Solver (D√©duction pure);136;5;OUI;0;3;0;48.00
Simple Line Solver (D√©duction pure);137;5;OUI;0;3;0;40.00
Simple Line Solver (D√©duction pure);138;5;OUI;0;1;0;64.00
Simple Line Solver (D√©duction pure);139;5;OUI;0;3;0;44.00
Simple Line Solver (D√©duction pure);140;5;NON;0;2;0;4.00
Simple Line Solver (D√©duction pure);141;5;OUI;0;5;0;44.00
Simple Line Solver (D√©duction pure);142;5;OUI;1;3;0;36.00
Simple Line Solver (D√©duction pure);143;5;OUI;0;4;0;56.00
Simple Line Solver (D√©duction pure);144;5;OUI;0;2;0;64.00
Simple Line Solver (D√©duction pure);145;5;OUI;0;3;0;52.00
Simple Line Solver (D√©duction pure);146;6;OUI;0;3;0;50.00
Simple Line Solver (D√©duction pure);147;6;OUI;0;3;0;44.44
Simple Line Solver (D√©duction pure);148;6;OUI;0;7;0;36.11
Simple Line Solver (D√©duction pure);149;6;OUI;0;2;0;44.44
Simple Line Solver (D√©duction pure);150;6;OUI;0;2;0;61.11
Strat√©gie Logique (Chevauchement);1;5;NON;0;0;0;64.00
Strat√©gie Logique (Chevauchement);2;5;NON;0;0;0;44.00
Strat√©gie Logique (Chevauchement);3;5;NON;0;0;0;56.00
Strat√©gie Logique (Chevauchement);4;5;NON;0;0;0;44.00
Strat√©gie Logique (Chevauchement);5;5;NON;0;0;0;32.00
Strat√©gie Logique (Chevauchement);6;5;NON;0;0;0;48.00
Strat√©gie Logique (Chevauchement);7;5;NON;0;0;0;68.00
Strat√©gie Logique (Chevauchement);8;5;NON;0;0;0;8.00
Strat√©gie Logique (Chevauchement);9;5;NON;0;0;0;28.00
Strat√©gie Logique (Chevauchement);10;5;NON;0;0;0;64.00
Strat√©gie Logique (Chevauchement);11;6;NON;0;0;0;19.00
Strat√©gie Logique (Chevauchement);12;6;NON;0;0;0;75.00
Strat√©gie Logique (Chevauchement);13;6;NON;0;0;0;33.00
Strat√©gie Logique (Chevauchement);14;6;NON;0;0;0;16.00
Strat√©gie Logique (Chevauchement);15;6;NON;0;0;0;69.00
Strat√©gie Logique (Chevauchement);16;6;NON;0;0;0;52.00
Strat√©gie Logique (Chevauchement);17;6;NON;0;0;0;38.00
Strat√©gie Logique (Chevauchement);18;6;NON;0;0;0;44.00
Strat√©gie Logique (Chevauchement);19;6;NON;0;0;0;80.00
Strat√©gie Logique (Chevauchement);20;6;NON;0;0;0;22.00
Strat√©gie Logique (Chevauchement);21;7;NON;0;0;0;36.00
Strat√©gie Logique (Chevauchement);22;7;NON;0;0;0;28.00
Strat√©gie Logique (Chevauchement);23;7;NON;0;0;0;26.00
Strat√©gie Logique (Chevauchement);24;7;NON;0;0;0;36.00
Strat√©gie Logique (Chevauchement);25;7;NON;0;0;0;24.00
Strat√©gie Logique (Chevauchement);26;7;NON;0;0;0;44.00
Strat√©gie Logique (Chevauchement);27;7;NON;0;0;0;6.00
Strat√©gie Logique (Chevauchement);28;7;NON;0;0;0;34.00
Strat√©gie Logique (Chevauchement);29;7;NON;0;0;0;4.00
Strat√©gie Logique (Chevauchement);30;7;NON;0;0;0;46.00
Strat√©gie Logique (Chevauchement);31;8;NON;0;0;0;28.00
Strat√©gie Logique (Chevauchement);32;8;NON;0;0;0;21.00
Strat√©gie Logique (Chevauchement);33;8;NON;0;0;0;14.00
Strat√©gie Logique (Chevauchement);34;8;NON;0;0;0;9.00
Strat√©gie Logique (Chevauchement);35;8;NON;0;0;0;28.00
Strat√©gie Logique (Chevauchement);36;8;NON;0;0;0;34.00
Strat√©gie Logique (Chevauchement);37;8;NON;0;0;0;18.00
Strat√©gie Logique (Chevauchement);38;8;NON;0;0;0;20.00
Strat√©gie Logique (Chevauchement);39;8;NON;1;0;0;17.00
Strat√©gie Logique (Chevauchement);40;8;NON;0;0;0;25.00
Strat√©gie Logique (Chevauchement);41;9;NON;0;0;0;35.00
Strat√©gie Logique (Chevauchement);42;9;NON;0;0;0;6.00
Strat√©gie Logique (Chevauchement);43;9;NON;0;0;0;32.00
Strat√©gie Logique (Chevauchement);44;9;NON;0;0;0;18.00
Strat√©gie Logique (Chevauchement);45;9;NON;0;0;0;38.00
Strat√©gie Logique (Chevauchement);46;5;NON;0;0;0;32.00
Strat√©gie Logique (Chevauchement);47;5;NON;0;0;0;56.00
Strat√©gie Logique (Chevauchement);48;5;NON;0;0;0;40.00
Strat√©gie Logique (Chevauchement);49;5;NON;0;0;0;76.00
Strat√©gie Logique (Chevauchement);50;5;NON;0;0;0;12.00
Strat√©gie Logique (Chevauchement);51;5;NON;0;0;0;56.00
Strat√©gie Logique (Chevauchement);52;5;NON;0;0;0;48.00
Strat√©gie Logique (Chevauchement);53;5;NON;0;0;0;56.00
Strat√©gie Logique (Chevauchement);54;5;NON;0;0;0;48.00
Strat√©gie Logique (Chevauchement);55;5;NON;0;0;0;20.00
Strat√©gie Logique (Chevauchement);56;6;NON;0;0;0;47.00
Strat√©gie Logique (Chevauchement);57;6;NON;0;0;0;25.00
Strat√©gie Logique (Chevauchement);58;6;NON;0;0;0;22.00
Strat√©gie Logique (Chevauchement);59;6;NON;0;0;0;22.00
Strat√©gie Logique (Chevauchement);60;6;NON;0;0;0;27.00
Strat√©gie Logique (Chevauchement);61;6;NON;0;0;0;30.00
Strat√©gie Logique (Chevauchement);62;6;NON;0;0;0;52.00
Strat√©gie Logique (Chevauchement);63;6;NON;0;0;0;52.00
Strat√©gie Logique (Chevauchement);64;6;NON;0;0;0;25.00
Strat√©gie Logique (Chevauchement);65;6;NON;0;0;0;58.00
Strat√©gie Logique (Chevauchement);66;7;NON;0;0;0;34.00
Strat√©gie Logique (Chevauchement);67;7;NON;0;0;0;36.00
Strat√©gie Logique (Chevauchement);68;7;NON;0;0;0;40.00
Strat√©gie Logique (Chevauchement);69;7;NON;0;0;0;26.00
Strat√©gie Logique (Chevauchement);70;7;NON;0;0;0;30.00
Strat√©gie Logique (Chevauchement);71;7;NON;0;0;0;32.00
Strat√©gie Logique (Chevauchement);72;7;NON;0;0;0;40.00
Strat√©gie Logique (Chevauchement);73;7;NON;0;0;0;44.00
Strat√©gie Logique (Chevauchement);74;7;NON;0;0;0;65.00
Strat√©gie Logique (Chevauchement);75;7;NON;0;0;0;14.00
Strat√©gie Logique (Chevauchement);76;8;NON;0;0;0;45.00
Strat√©gie Logique (Chevauchement);77;8;NON;1;0;0;51.00
Strat√©gie Logique (Chevauchement);78;8;NON;0;0;0;21.00
Strat√©gie Logique (Chevauchement);79;8;NON;0;0;0;23.00
Strat√©gie Logique (Chevauchement);80;8;NON;0;0;0;46.00
Strat√©gie Logique (Chevauchement);81;8;NON;0;0;0;79.00
Strat√©gie Logique (Chevauchement);82;8;NON;0;0;0;23.00
Strat√©gie Logique (Chevauchement);83;8;NON;0;0;0;35.00
Strat√©gie Logique (Chevauchement);84;8;NON;0;0;0;17.00
Strat√©gie Logique (Chevauchement);85;8;NON;0;0;0;9.00
Strat√©gie Logique (Chevauchement);86;9;NON;0;0;0;37.00
Strat√©gie Logique (Chevauchement);87;9;NON;0;0;0;2.00
Strat√©gie Logique (Chevauchement);88;9;NON;0;0;0;30.00
Strat√©gie Logique (Chevauchement);89;9;NON;0;0;0;37.00
Strat√©gie Logique (Chevauchement);90;9;NON;0;0;0;22.00
Strat√©gie Logique (Chevauchement);91;5;NON;0;0;0;36.00
Strat√©gie Logique (Chevauchement);92;5;NON;0;0;0;52.00
Strat√©gie Logique (Chevauchement);93;5;NON;0;0;0;44.00
Strat√©gie Logique (Chevauchement);94;5;NON;0;0;0;64.00
Strat√©gie Logique (Chevauchement);95;5;NON;0;0;0;12.00
Strat√©gie Logique (Chevauchement);96;5;NON;0;0;0;8.00
Strat√©gie Logique (Chevauchement);97;5;NON;0;0;0;48.00
Strat√©gie Logique (Chevauchement);98;5;NON;0;0;0;20.00
Strat√©gie Logique (Chevauchement);99;5;NON;0;0;0;44.00
Strat√©gie Logique (Chevauchement);100;5;NON;0;0;0;60.00
Strat√©gie Logique (Chevauchement);101;6;NON;0;0;0;52.00
Strat√©gie Logique (Chevauchement);102;6;NON;0;0;0;19.00
Strat√©gie Logique (Chevauchement);103;6;NON;0;0;0;33.00
Strat√©gie Logique (Chevauchement);104;6;NON;0;0;0;27.00
Strat√©gie Logique (Chevauchement);105;6;NON;0;0;0;38.00
Strat√©gie Logique (Chevauchement);106;6;NON;0;0;0;22.00
Strat√©gie Logique (Chevauchement);107;6;NON;0;0;0;5.00
Strat√©gie Logique (Chevauchement);108;6;NON;0;0;0;13.00
Strat√©gie Logique (Chevauchement);109;6;NON;0;0;0;58.00
Strat√©gie Logique (Chevauchement);110;6;NON;0;0;0;22.00
Strat√©gie Logique (Chevauchement);111;7;NON;0;0;0;42.00
Strat√©gie Logique (Chevauchement);112;7;NON;0;0;0;18.00
Strat√©gie Logique (Chevauchement);113;7;NON;0;0;0;42.00
Strat√©gie Logique (Chevauchement);114;7;NON;1;0;0;12.00
Strat√©gie Logique (Chevauchement);115;7;NON;0;0;0;20.00
Strat√©gie Logique (Chevauchement);116;7;NON;0;0;0;34.00
Strat√©gie Logique (Chevauchement);117;7;NON;0;0;0;12.00
Strat√©gie Logique (Chevauchement);118;7;NON;0;0;0;48.00
Strat√©gie Logique (Chevauchement);119;7;NON;0;0;0;44.00
Strat√©gie Logique (Chevauchement);120;7;NON;0;0;0;6.00
Strat√©gie Logique (Chevauchement);121;8;NON;0;0;0;6.00
Strat√©gie Logique (Chevauchement);122;8;NON;0;0;0;15.00
Strat√©gie Logique (Chevauchement);123;8;NON;0;0;0;25.00
Strat√©gie Logique (Chevauchement);124;8;NON;0;0;0;17.00
Strat√©gie Logique (Chevauchement);125;8;NON;0;0;0;18.00
Strat√©gie Logique (Chevauchement);126;8;NON;0;0;0;26.00
Strat√©gie Logique (Chevauchement);127;8;NON;0;0;0;35.00
Strat√©gie Logique (Chevauchement);128;8;NON;0;0;0;45.00
Strat√©gie Logique (Chevauchement);129;8;NON;0;0;0;34.00
Strat√©gie Logique (Chevauchement);130;8;NON;0;0;0;28.00
Strat√©gie Logique (Chevauchement);131;9;NON;0;0;0;4.00
Strat√©gie Logique (Chevauchement);132;9;NON;0;0;0;29.00
Strat√©gie Logique (Chevauchement);133;9;NON;0;0;0;35.00
Strat√©gie Logique (Chevauchement);134;9;NON;0;0;0;37.00
Strat√©gie Logique (Chevauchement);135;9;NON;0;0;0;19.00
Strat√©gie Logique (Chevauchement);136;5;NON;0;0;0;24.00
Strat√©gie Logique (Chevauchement);137;5;NON;0;0;0;36.00
Strat√©gie Logique (Chevauchement);138;5;NON;0;0;0;68.00
Strat√©gie Logique (Chevauchement);139;5;NON;0;0;0;16.00
Strat√©gie Logique (Chevauchement);140;5;NON;0;0;0;4.00
Strat√©gie Logique (Chevauchement);141;5;NON;0;0;0;12.00
Strat√©gie Logique (Chevauchement);142;5;NON;1;0;0;20.00
Strat√©gie Logique (Chevauchement);143;5;NON;0;0;0;44.00
Strat√©gie Logique (Chevauchement);144;5;NON;0;0;0;56.00
Strat√©gie Logique (Chevauchement);145;5;NON;0;0;0;28.00
Strat√©gie Logique (Chevauchement);146;6;NON;0;0;0;25.00
Strat√©gie Logique (Chevauchement);147;6;NON;0;0;0;27.00
Strat√©gie Logique (Chevauchement);148;6;NON;0;0;0;5.00
Strat√©gie Logique (Chevauchement);149;6;NON;2;0;0;25.00
Strat√©gie Logique (Chevauchement);150;6;NON;0;0;0;47.00
Random Strategy;1;5;NON;6;5000;0;0.00
Random Strategy;2;5;NON;2;5000;0;0.00
Random Strategy;3;5;NON;3;5000;0;0.00
Random Strategy;4;5;NON;2;5000;0;0.00
Random Strategy;5;5;NON;2;5000;0;0.00
Random Strategy;6;5;NON;1;5000;0;0.00
Random Strategy;7;5;NON;1;5000;0;0.00
Random Strategy;8;5;NON;2;5000;0;0.00
Random Strategy;9;5;NON;2;5000;0;0.00
Random Strategy;10;5;NON;3;5000;0;0.00
Random Strategy;11;6;NON;3;5000;0;0.00
Random Strategy;12;6;NON;2;5000;0;0.00
Random Strategy;13;6;NON;2;5000;0;0.00
Random Strategy;14;6;NON;2;5000;0;0.00
Random Strategy;15;6;NON;2;5000;0;0.00
Random Strategy;16;6;NON;2;5000;0;0.00
Random Strategy;17;6;NON;2;5000;0;0.00
Random Strategy;18;6;NON;2;5000;0;0.00
Random Strategy;19;6;NON;2;5000;0;0.00
Random Strategy;20;6;NON;2;5000;0;0.00
Random Strategy;21;7;NON;2;5000;0;0.00
Random Strategy;22;7;NON;3;5000;0;0.00
Random Strategy;23;7;NON;2;5000;0;0.00
Random Strategy;24;7;NON;4;5000;0;0.00
Random Strategy;25;7;NON;2;5000;0;0.00
Random Strategy;26;7;NON;3;5000;0;0.00
Random Strategy;27;7;NON;4;5000;0;0.00
Random Strategy;28;7;NON;3;5000;0;0.00
Random Strategy;29;7;NON;4;5000;0;0.00
Random Strategy;30;7;NON;3;5000;0;0.00
Random Strategy;31;8;NON;5;5000;0;0.00
Random Strategy;32;8;NON;4;5000;0;0.00
Random Strategy;33;8;NON;4;5000;0;0.00
Random Strategy;34;8;NON;3;5000;0;0.00
Random Strategy;35;8;NON;4;5000;0;0.00
Random Strategy;36;8;NON;3;5000;0;0.00
Random Strategy;37;8;NON;4;5000;0;0.00
Random Strategy;38;8;NON;4;5000;0;0.00
Random Strategy;39;8;NON;8;5000;0;0.00
Random Strategy;40;8;NON;3;5000;0;0.00
Random Strategy;41;9;NON;4;5000;0;0.00
Random Strategy;42;9;NON;6;5000;0;0.00
Random Strategy;43;9;NON;4;5000;0;0.00
Random Strategy;44;9;NON;4;5000;0;0.00
Random Strategy;45;9;NON;5;5000;0;0.00
Random Strategy;46;5;NON;1;5000;0;0.00
Random Strategy;47;5;NON;2;5000;0;0.00
Random Strategy;48;5;NON;1;5000;0;0.00
Random Strategy;49;5;NON;2;5000;0;0.00
Random Strategy;50;5;NON;1;5000;0;0.00
Random Strategy;51;5;NON;1;5000;0;0.00
Random Strategy;52;5;NON;2;5000;0;0.00
Random Strategy;53;5;NON;3;5000;0;0.00
Random Strategy;54;5;NON;1;5000;0;0.00
Random Strategy;55;5;NON;1;5000;0;0.00
Random Strategy;56;6;NON;1;5000;0;0.00
Random Strategy;57;6;NON;2;5000;0;0.00
Random Strategy;58;6;NON;2;5000;0;0.00
Random Strategy;59;6;NON;2;5000;0;0.00
Random Strategy;60;6;NON;2;5000;0;0.00
Random Strategy;61;6;NON;2;5000;0;0.00
Random Strategy;62;6;NON;3;5000;0;0.00
Random Strategy;63;6;NON;2;5000;0;0.00
Random Strategy;64;6;NON;2;5000;0;0.00
Random Strategy;65;6;NON;3;5000;0;0.00
Random Strategy;66;7;NON;2;5000;0;0.00
Random Strategy;67;7;NON;3;5000;0;0.00
Random Strategy;68;7;NON;2;5000;0;0.00
Random Strategy;69;7;NON;2;5000;0;0.00
Random Strategy;70;7;NON;3;5000;0;0.00
Random Strategy;71;7;NON;3;5000;0;0.00
Random Strategy;72;7;NON;2;5000;0;0.00
Random Strategy;73;7;NON;2;5000;0;0.00
Random Strategy;74;7;NON;3;5000;0;0.00
Random Strategy;75;7;NON;3;5000;0;0.00
Random Strategy;76;8;NON;3;5000;0;0.00
Random Strategy;77;8;NON;3;5000;0;0.00
Random Strategy;78;8;NON;4;5000;0;0.00
Random Strategy;79;8;NON;3;5000;0;0.00
Random Strategy;80;8;NON;5;5000;0;0.00
Random Strategy;81;8;NON;4;5000;0;0.00
Random Strategy;82;8;NON;4;5000;0;0.00
Random Strategy;83;8;NON;3;5000;0;0.00
Random Strategy;84;8;NON;3;5000;0;0.00
Random Strategy;85;8;NON;3;5000;0;0.00
Random Strategy;86;9;NON;5;5000;0;0.00
Random Strategy;87;9;NON;4;5000;0;0.00
Random Strategy;88;9;NON;6;5000;0;0.00
Random Strategy;89;9;NON;4;5000;0;0.00
Random Strategy;90;9;NON;5;5000;0;0.00
Random Strategy;91;5;NON;2;5000;0;0.00
Random Strategy;92;5;NON;2;5000;0;0.00
Random Strategy;93;5;NON;2;5000;0;0.00
Random Strategy;94;5;NON;1;5000;0;0.00
Random Strategy;95;5;NON;1;5000;0;0.00
Random Strategy;96;5;NON;1;5000;0;0.00
Random Strategy;97;5;NON;1;5000;0;0.00
Random Strategy;98;5;NON;2;5000;0;0.00
Random Strategy;99;5;NON;1;5000;0;0.00
Random Strategy;100;5;NON;1;5000;0;0.00
Random Strategy;101;6;NON;3;5000;0;0.00
Random Strategy;102;6;NON;3;5000;0;0.00
Random Strategy;103;6;NON;2;5000;0;0.00
Random Strategy;104;6;NON;2;5000;0;0.00
Random Strategy;105;6;NON;2;5000;0;0.00
Random Strategy;106;6;NON;2;5000;0;0.00
Random Strategy;107;6;NON;3;5000;0;0.00
Random Strategy;108;6;NON;2;5000;0;0.00
Random Strategy;109;6;NON;2;5000;0;0.00
Random Strategy;110;6;NON;2;5000;0;0.00
Random Strategy;111;7;NON;3;5000;0;0.00
Random Strategy;112;7;NON;4;5000;0;0.00
Random Strategy;113;7;NON;2;5000;0;0.00
Random Strategy;114;7;NON;2;5000;0;0.00
Random Strategy;115;7;NON;2;5000;0;0.00
Random Strategy;116;7;NON;3;5000;0;0.00
Random Strategy;117;7;NON;3;5000;0;0.00
Random Strategy;118;7;NON;3;5000;0;0.00
Random Strategy;119;7;NON;4;5000;0;0.00
Random Strategy;120;7;NON;2;5000;0;0.00
Random Strategy;121;8;NON;2;5000;0;0.00
Random Strategy;122;8;NON;3;5000;0;0.00
Random Strategy;123;8;NON;4;5000;0;0.00
Random Strategy;124;8;NON;4;5000;0;0.00
Random Strategy;125;8;NON;3;5000;0;0.00
Random Strategy;126;8;NON;3;5000;0;0.00
Random Strategy;127;8;NON;3;5000;0;0.00
Random Strategy;128;8;NON;4;5000;0;0.00
Random Strategy;129;8;NON;4;5000;0;0.00
Random Strategy;130;8;NON;3;5000;0;0.00
Random Strategy;131;9;NON;6;5000;0;0.00
Random Strategy;132;9;NON;5;5000;0;0.00
Random Strategy;133;9;NON;4;5000;0;0.00
Random Strategy;134;9;NON;5;5000;0;0.00
Random Strategy;135;9;NON;6;5000;0;0.00
Random Strategy;136;5;NON;1;5000;0;0.00
Random Strategy;137;5;NON;1;5000;0;0.00
Random Strategy;138;5;NON;1;5000;0;0.00
Random Strategy;139;5;NON;1;5000;0;0.00
Random Strategy;140;5;NON;2;5000;0;0.00
Random Strategy;141;5;NON;3;5000;0;0.00
Random Strategy;142;5;NON;2;5000;0;0.00
Random Strategy;143;5;NON;1;5000;0;0.00
Random Strategy;144;5;NON;2;5000;0;0.00
Random Strategy;145;5;NON;3;5000;0;0.00
Random Strategy;146;6;NON;2;5000;0;0.00
Random Strategy;147;6;NON;3;5000;0;0.00
Random Strategy;148;6;NON;3;5000;0;0.00
Random Strategy;149;6;NON;2;5000;0;0.00
Random Strategy;150;6;NON;1;5000;0;0.00
Backtracking Solver (Essai-erreur);1;5;OUI;3;0;0;64.00
Backtracking Solver (Essai-erreur);2;5;OUI;0;0;0;48.00
Backtracking Solver (Essai-erreur);3;5;OUI;0;0;0;56.00
Backtracking Solver (Essai-erreur);4;5;OUI;0;0;0;52.00
Backtracking Solver (Essai-erreur);5;5;OUI;1;0;0;48.00
Backtracking Solver (Essai-erreur);6;5;OUI;0;0;0;48.00
Backtracking Solver (Essai-erreur);7;5;OUI;0;0;0;56.00
Backtracking Solver (Essai-erreur);8;5;OUI;0;0;0;40.00
Backtracking Solver (Essai-erreur);9;5;OUI;1;0;0;52.00
Backtracking Solver (Essai-erreur);10;5;OUI;0;0;0;68.00
Backtracking Solver (Essai-erreur);11;6;OUI;0;3;2;44.44
Backtracking Solver (Essai-erreur);12;6;OUI;0;0;0;58.33
Backtracking Solver (Essai-erreur);13;6;OUI;1;0;0;47.22
Backtracking Solver (Essai-erreur);14;6;OUI;1;0;0;44.44
Backtracking Solver (Essai-erreur);15;6;OUI;1;0;0;63.89
Backtracking Solver (Essai-erreur);16;6;OUI;0;0;0;55.56
Backtracking Solver (Essai-erreur);17;6;OUI;0;0;0;50.00
Backtracking Solver (Essai-erreur);18;6;OUI;0;0;0;52.78
Backtracking Solver (Essai-erreur);19;6;OUI;0;0;0;63.89
Backtracking Solver (Essai-erreur);20;6;OUI;0;0;0;47.22
Backtracking Solver (Essai-erreur);21;7;OUI;0;0;0;55.10
Backtracking Solver (Essai-erreur);22;7;OUI;0;0;0;51.02
Backtracking Solver (Essai-erreur);23;7;OUI;1;0;0;42.86
Backtracking Solver (Essai-erreur);24;7;OUI;1;0;0;53.06
Backtracking Solver (Essai-erreur);25;7;OUI;0;0;0;44.90
Backtracking Solver (Essai-erreur);26;7;OUI;3;0;0;61.22
Backtracking Solver (Essai-erreur);27;7;OUI;1;0;0;44.90
Backtracking Solver (Essai-erreur);28;7;OUI;0;0;0;51.02
Backtracking Solver (Essai-erreur);29;7;OUI;3;3;0;34.69
Backtracking Solver (Essai-erreur);30;7;OUI;0;0;0;57.14
Backtracking Solver (Essai-erreur);31;8;OUI;0;0;0;50.00
Backtracking Solver (Essai-erreur);32;8;OUI;0;0;0;43.75
Backtracking Solver (Essai-erreur);33;8;OUI;0;0;0;42.19
Backtracking Solver (Essai-erreur);34;8;OUI;0;0;0;42.19
Backtracking Solver (Essai-erreur);35;8;OUI;0;0;0;45.31
Backtracking Solver (Essai-erreur);36;8;OUI;0;0;0;54.69
Backtracking Solver (Essai-erreur);37;8;OUI;0;0;0;46.88
Backtracking Solver (Essai-erreur);38;8;NON;0;1;1;35.94
Backtracking Solver (Essai-erreur);39;8;NON;0;1;1;31.25
Backtracking Solver (Essai-erreur);40;8;OUI;0;0;0;54.69
Backtracking Solver (Essai-erreur);41;9;OUI;0;0;0;50.62
Backtracking Solver (Essai-erreur);42;9;OUI;0;0;0;40.74
Backtracking Solver (Essai-erreur);43;9;OUI;0;0;0;55.56
Backtracking Solver (Essai-erreur);44;9;OUI;1;0;0;53.09
Backtracking Solver (Essai-erreur);45;9;OUI;0;0;0;49.38
Backtracking Solver (Essai-erreur);46;5;OUI;0;0;0;52.00
Backtracking Solver (Essai-erreur);47;5;OUI;0;0;0;60.00
Backtracking Solver (Essai-erreur);48;5;OUI;0;0;0;44.00
Backtracking Solver (Essai-erreur);49;5;OUI;0;0;0;68.00
Backtracking Solver (Essai-erreur);50;5;NON;0;1;1;12.00
Backtracking Solver (Essai-erreur);51;5;OUI;0;0;0;56.00
Backtracking Solver (Essai-erreur);52;5;OUI;1;0;0;56.00
Backtracking Solver (Essai-erreur);53;5;OUI;0;0;0;52.00
Backtracking Solver (Essai-erreur);54;5;OUI;2;0;0;56.00
Backtracking Solver (Essai-erreur);55;5;OUI;0;0;0;48.00
Backtracking Solver (Essai-erreur);56;6;OUI;0;0;0;55.56
Backtracking Solver (Essai-erreur);57;6;OUI;0;0;0;41.67
Backtracking Solver (Essai-erreur);58;6;OUI;0;0;0;41.67
Backtracking Solver (Essai-erreur);59;6;OUI;0;0;0;44.44
Backtracking Solver (Essai-erreur);60;6;OUI;0;0;0;36.11
Backtracking Solver (Essai-erreur);61;6;OUI;0;0;0;47.22
Backtracking Solver (Essai-erreur);62;6;OUI;1;0;0;58.33
Backtracking Solver (Essai-erreur);63;6;OUI;0;0;0;55.56
Backtracking Solver (Essai-erreur);64;6;OUI;0;0;0;44.44
Backtracking Solver (Essai-erreur);65;6;OUI;0;0;0;63.89
Backtracking Solver (Essai-erreur);66;7;OUI;0;0;0;48.98
Backtracking Solver (Essai-erreur);67;7;OUI;0;0;0;44.90
Backtracking Solver (Essai-erreur);68;7;OUI;0;0;0;63.27
Backtracking Solver (Essai-erreur);69;7;OUI;0;0;0;48.98
Backtracking Solver (Essai-erreur);70;7;OUI;0;0;0;53.06
Backtracking Solver (Essai-erreur);71;7;OUI;0;0;0;46.94
Backtracking Solver (Essai-erreur);72;7;OUI;2;0;0;51.02
Backtracking Solver (Essai-erreur);73;7;OUI;0;0;0;55.10
Backtracking Solver (Essai-erreur);74;7;OUI;0;0;0;67.35
Backtracking Solver (Essai-erreur);75;7;OUI;1;3;2;38.78
Backtracking Solver (Essai-erreur);76;8;OUI;0;0;0;59.38
Backtracking Solver (Essai-erreur);77;8;OUI;1;0;0;57.81
Backtracking Solver (Essai-erreur);78;8;OUI;1;0;0;45.31
Backtracking Solver (Essai-erreur);79;8;OUI;0;0;0;53.13
Backtracking Solver (Essai-erreur);80;8;OUI;0;0;0;53.13
Backtracking Solver (Essai-erreur);81;8;OUI;0;0;0;65.63
Backtracking Solver (Essai-erreur);82;8;NON;0;1;1;29.69
Backtracking Solver (Essai-erreur);83;8;OUI;0;0;0;54.69
Backtracking Solver (Essai-erreur);84;8;OUI;0;0;0;46.88
Backtracking Solver (Essai-erreur);85;8;OUI;0;0;0;45.31
Backtracking Solver (Essai-erreur);86;9;OUI;0;0;0;50.62
Backtracking Solver (Essai-erreur);87;9;OUI;0;0;0;38.27
Backtracking Solver (Essai-erreur);88;9;OUI;0;0;0;48.15
Backtracking Solver (Essai-erreur);89;9;OUI;0;0;0;59.26
Backtracking Solver (Essai-erreur);90;9;OUI;0;0;0;50.62
Backtracking Solver (Essai-erreur);91;5;OUI;0;0;0;52.00
Backtracking Solver (Essai-erreur);92;5;OUI;1;0;0;52.00
Backtracking Solver (Essai-erreur);93;5;OUI;0;0;0;60.00
Backtracking Solver (Essai-erreur);94;5;OUI;0;0;0;60.00
Backtracking Solver (Essai-erreur);95;5;OUI;0;0;0;40.00
Backtracking Solver (Essai-erreur);96;5;OUI;0;0;0;32.00
Backtracking Solver (Essai-erreur);97;5;OUI;1;0;0;52.00
Backtracking Solver (Essai-erreur);98;5;OUI;0;0;0;44.00
Backtracking Solver (Essai-erreur);99;5;OUI;0;0;0;48.00
Backtracking Solver (Essai-erreur);100;5;OUI;0;0;0;64.00
Backtracking Solver (Essai-erreur);101;6;OUI;0;0;0;58.33
Backtracking Solver (Essai-erreur);102;6;OUI;0;0;0;47.22
Backtracking Solver (Essai-erreur);103;6;OUI;0;0;0;55.56
Backtracking Solver (Essai-erreur);104;6;OUI;0;0;0;44.44
Backtracking Solver (Essai-erreur);105;6;OUI;0;0;0;47.22
Backtracking Solver (Essai-erreur);106;6;OUI;0;0;0;50.00
Backtracking Solver (Essai-erreur);107;6;OUI;0;3;2;41.67
Backtracking Solver (Essai-erreur);108;6;OUI;0;0;0;50.00
Backtracking Solver (Essai-erreur);109;6;OUI;0;0;0;55.56
Backtracking Solver (Essai-erreur);110;6;OUI;0;0;0;36.11
Backtracking Solver (Essai-erreur);111;7;OUI;0;0;0;42.86
Backtracking Solver (Essai-erreur);112;7;NON;0;1;1;32.65
Backtracking Solver (Essai-erreur);113;7;OUI;0;0;0;55.10
Backtracking Solver (Essai-erreur);114;7;OUI;0;0;0;46.94
Backtracking Solver (Essai-erreur);115;7;OUI;1;0;0;42.86
Backtracking Solver (Essai-erreur);116;7;OUI;0;0;0;46.94
Backtracking Solver (Essai-erreur);117;7;OUI;0;0;0;46.94
Backtracking Solver (Essai-erreur);118;7;OUI;0;0;0;53.06
Backtracking Solver (Essai-erreur);119;7;OUI;0;0;0;55.10
Backtracking Solver (Essai-erreur);120;7;OUI;0;0;0;36.73
Backtracking Solver (Essai-erreur);121;8;NON;2;1;1;7.81
Backtracking Solver (Essai-erreur);122;8;OUI;1;0;0;43.75
Backtracking Solver (Essai-erreur);123;8;OUI;0;0;0;50.00
Backtracking Solver (Essai-erreur);124;8;OUI;1;0;0;45.31
Backtracking Solver (Essai-erreur);125;8;OUI;0;0;0;50.00
Backtracking Solver (Essai-erreur);126;8;OUI;0;0;0;46.88
Backtracking Solver (Essai-erreur);127;8;OUI;0;0;0;45.31
Backtracking Solver (Essai-erreur);128;8;OUI;0;0;0;56.25
Backtracking Solver (Essai-erreur);129;8;OUI;0;0;0;53.13
Backtracking Solver (Essai-erreur);130;8;OUI;0;0;0;54.69
Backtracking Solver (Essai-erreur);131;9;NON;0;1;1;35.80
Backtracking Solver (Essai-erreur);132;9;OUI;0;0;0;54.32
Backtracking Solver (Essai-erreur);133;9;OUI;0;0;0;54.32
Backtracking Solver (Essai-erreur);134;9;OUI;0;0;0;53.09
Backtracking Solver (Essai-erreur);135;9;OUI;0;0;0;49.38
Backtracking Solver (Essai-erreur);136;5;OUI;0;0;0;48.00
Backtracking Solver (Essai-erreur);137;5;OUI;0;0;0;40.00
Backtracking Solver (Essai-erreur);138;5;OUI;0;0;0;64.00
Backtracking Solver (Essai-erreur);139;5;OUI;0;0;0;44.00
Backtracking Solver (Essai-erreur);140;5;OUI;1;7;8;40.00
Backtracking Solver (Essai-erreur);141;5;OUI;0;0;0;44.00
Backtracking Solver (Essai-erreur);142;5;OUI;0;0;0;36.00
Backtracking Solver (Essai-erreur);143;5;OUI;0;0;0;56.00
Backtracking Solver (Essai-erreur);144;5;OUI;0;0;0;64.00
Backtracking Solver (Essai-erreur);145;5;OUI;1;0;0;52.00
Backtracking Solver (Essai-erreur);146;6;OUI;0;0;0;50.00
Backtracking Solver (Essai-erreur);147;6;OUI;0;0;0;44.44
Backtracking Solver (Essai-erreur);148;6;OUI;0;0;0;36.11
Backtracking Solver (Essai-erreur);149;6;OUI;0;0;0;44.44
Backtracking Solver (Essai-erreur);150;6;OUI;0;0;0;61.11
ü§ñ AI Heuristic Strategy (Optimis√©e 150/150);1;5;OUI;0;1;0;64.00
ü§ñ AI Heuristic Strategy (Optimis√©e 150/150);2;5;OUI;0;1;0;48.00
ü§ñ AI Heuristic Strategy (Optimis√©e 150/150);3;5;OUI;0;1;0;56.00
ü§ñ AI Heuristic Strategy (Optimis√©e 150/150);4;5;OUI;0;1;0;52.00
ü§ñ AI Heuristic Strategy (Optimis√©e 150/150);5;5;OUI;0;1;0;48.00
ü§ñ AI Heuristic Strategy (Optimis√©e 150/150);6;5;OUI;0;1;0;48.00
ü§ñ AI Heuristic Strategy (Optimis√©e 150/150);7;5;OUI;0;1;0;56.00
ü§ñ AI Heuristic Strategy (Optimis√©e 150/150);8;5;OUI;0;1;0;40.00
ü§ñ AI Heuristic Strategy (Optimis√©e 150/150);9;5;OUI;0;1;0;52.00
ü§ñ AI Heuristic Strategy (Optimis√©e 150/150);10;5;OUI;0;1;0;68.00
ü§ñ AI Heuristic Strategy (Optimis√©e 150/150);11;6;OUI;2;7;2;44.44
ü§ñ AI Heuristic Strategy (Optimis√©e 150/150);12;6;OUI;0;1;0;58.33
ü§ñ AI Heuristic Strategy (Optimis√©e 150/150);13;6;OUI;0;1;0;47.22
ü§ñ AI Heuristic Strategy (Optimis√©e 150/150);14;6;OUI;0;1;0;44.44
ü§ñ AI Heuristic Strategy (Optimis√©e 150/150);15;6;OUI;0;1;0;63.89
ü§ñ AI Heuristic Strategy (Optimis√©e 150/150);16;6;OUI;0;1;0;55.56
ü§ñ AI Heuristic Strategy (Optimis√©e 150/150);17;6;OUI;0;1;0;50.00
ü§ñ AI Heuristic Strategy (Optimis√©e 150/150);18;6;OUI;0;1;0;52.78
ü§ñ AI Heuristic Strategy (Optimis√©e 150/150);19;6;OUI;0;1;0;63.89
ü§ñ AI Heuristic Strategy (Optimis√©e 150/150);20;6;OUI;0;1;0;47.22
ü§ñ AI Heuristic Strategy (Optimis√©e 150/150);21;7;OUI;0;1;0;55.10
ü§ñ AI Heuristic Strategy (Optimis√©e 150/150);22;7;OUI;0;1;0;51.02
ü§ñ AI Heuristic Strategy (Optimis√©e 150/150);23;7;OUI;1;1;0;42.86
ü§ñ AI Heuristic Strategy (Optimis√©e 150/150);24;7;OUI;0;1;0;53.06
ü§ñ AI Heuristic Strategy (Optimis√©e 150/150);25;7;OUI;0;1;0;44.90
ü§ñ AI Heuristic Strategy (Optimis√©e 150/150);26;7;OUI;0;1;0;61.22
ü§ñ AI Heuristic Strategy (Optimis√©e 150/150);27;7;OUI;0;1;0;44.90
ü§ñ AI Heuristic Strategy (Optimis√©e 150/150);28;7;OUI;0;1;0;51.02
ü§ñ AI Heuristic Strategy (Optimis√©e 150/150);29;7;OUI;12;29;2;34.69
ü§ñ AI Heuristic Strategy (Optimis√©e 150/150);30;7;OUI;0;1;0;57.14
ü§ñ AI Heuristic Strategy (Optimis√©e 150/150);31;8;OUI;0;1;0;50.00
ü§ñ AI Heuristic Strategy (Optimis√©e 150/150);32;8;OUI;1;1;0;43.75
ü§ñ AI Heuristic Strategy (Optimis√©e 150/150);33;8;OUI;0;1;0;42.19
ü§ñ AI Heuristic Strategy (Optimis√©e 150/150);34;8;OUI;0;1;0;42.19
ü§ñ AI Heuristic Strategy (Optimis√©e 150/150);35;8;OUI;0;1;0;45.31
ü§ñ AI Heuristic Strategy (Optimis√©e 150/150);36;8;OUI;0;1;0;54.69
ü§ñ AI Heuristic Strategy (Optimis√©e 150/150);37;8;OUI;0;1;0;46.88
ü§ñ AI Heuristic Strategy (Optimis√©e 150/150);38;8;NON;1;2;1;35.94
ü§ñ AI Heuristic Strategy (Optimis√©e 150/150);39;8;NON;0;2;1;31.25
ü§ñ AI Heuristic Strategy (Optimis√©e 150/150);40;8;OUI;0;1;0;54.69
ü§ñ AI Heuristic Strategy (Optimis√©e 150/150);41;9;OUI;0;1;0;50.62
ü§ñ AI Heuristic Strategy (Optimis√©e 150/150);42;9;OUI;2;1;0;40.74
ü§ñ AI Heuristic Strategy (Optimis√©e 150/150);43;9;OUI;0;1;0;55.56
ü§ñ AI Heuristic Strategy (Optimis√©e 150/150);44;9;OUI;0;1;0;53.09
ü§ñ AI Heuristic Strategy (Optimis√©e 150/150);45;9;OUI;0;1;0;49.38
ü§ñ AI Heuristic Strategy (Optimis√©e 150/150);46;5;OUI;0;1;0;52.00
ü§ñ AI Heuristic Strategy (Optimis√©e 150/150);47;5;OUI;0;1;0;60.00
ü§ñ AI Heuristic Strategy (Optimis√©e 150/150);48;5;OUI;0;1;0;44.00
ü§ñ AI Heuristic Strategy (Optimis√©e 150/150);49;5;OUI;1;1;0;68.00
ü§ñ AI Heuristic Strategy (Optimis√©e 150/150);50;5;NON;0;2;1;12.00
ü§ñ AI Heuristic Strategy (Optimis√©e 150/150);51;5;OUI;0;1;0;56.00
ü§ñ AI Heuristic Strategy (Optimis√©e 150/150);52;5;OUI;0;1;0;56.00
ü§ñ AI Heuristic Strategy (Optimis√©e 150/150);53;5;OUI;0;1;0;52.00
ü§ñ AI Heuristic Strategy (Optimis√©e 150/150);54;5;OUI;0;1;0;56.00
ü§ñ AI Heuristic Strategy (Optimis√©e 150/150);55;5;OUI;1;1;0;48.00
ü§ñ AI Heuristic Strategy (Optimis√©e 150/150);56;6;OUI;0;1;0;55.56
ü§ñ AI Heuristic Strategy (Optimis√©e 150/150);57;6;OUI;1;1;0;41.67
ü§ñ AI Heuristic Strategy (Optimis√©e 150/150);58;6;OUI;0;1;0;41.67
ü§ñ AI Heuristic Strategy (Optimis√©e 150/150);59;6;OUI;0;1;0;44.44
ü§ñ AI Heuristic Strategy (Optimis√©e 150/150);60;6;OUI;0;1;0;36.11
ü§ñ AI Heuristic Strategy (Optimis√©e 150/150);61;6;OUI;0;1;0;47.22
ü§ñ AI Heuristic Strategy (Optimis√©e 150/150);62;6;OUI;0;1;0;58.33
ü§ñ AI Heuristic Strategy (Optimis√©e 150/150);63;6;OUI;0;1;0;55.56
ü§ñ AI Heuristic Strategy (Optimis√©e 150/150);64;6;OUI;0;1;0;44.44
ü§ñ AI Heuristic Strategy (Optimis√©e 150/150);65;6;OUI;0;1;0;63.89
ü§ñ AI Heuristic Strategy (Optimis√©e 150/150);66;7;OUI;0;1;0;48.98
ü§ñ AI Heuristic Strategy (Optimis√©e 150/150);67;7;OUI;0;1;0;44.90
ü§ñ AI Heuristic Strategy (Optimis√©e 150/150);68;7;OUI;0;1;0;63.27
ü§ñ AI Heuristic Strategy (Optimis√©e 150/150);69;7;OUI;0;1;0;48.98
ü§ñ AI Heuristic Strategy (Optimis√©e 150/150);70;7;OUI;0;1;0;53.06
ü§ñ AI Heuristic Strategy (Optimis√©e 150/150);71;7;OUI;0;1;0;46.94
ü§ñ AI Heuristic Strategy (Optimis√©e 150/150);72;7;OUI;0;1;0;51.02
ü§ñ AI Heuristic Strategy (Optimis√©e 150/150);73;7;OUI;0;1;0;55.10
ü§ñ AI Heuristic Strategy (Optimis√©e 150/150);74;7;OUI;1;1;0;67.35
ü§ñ AI Heuristic Strategy (Optimis√©e 150/150);75;7;OUI;0;7;2;38.78
ü§ñ AI Heuristic Strategy (Optimis√©e 150/150);76;8;OUI;0;1;0;59.38
ü§ñ AI Heuristic Strategy (Optimis√©e 150/150);77;8;OUI;2;1;0;57.81
ü§ñ AI Heuristic Strategy (Optimis√©e 150/150);78;8;OUI;0;1;0;45.31
ü§ñ AI Heuristic Strategy (Optimis√©e 150/150);79;8;OUI;1;1;0;53.13
ü§ñ AI Heuristic Strategy (Optimis√©e 150/150);80;8;OUI;0;1;0;53.13
ü§ñ AI Heuristic Strategy (Optimis√©e 150/150);81;8;OUI;0;1;0;65.63
ü§ñ AI Heuristic Strategy (Optimis√©e 150/150);82;8;NON;1;2;1;29.69
ü§ñ AI Heuristic Strategy (Optimis√©e 150/150);83;8;OUI;1;1;0;54.69
ü§ñ AI Heuristic Strategy (Optimis√©e 150/150);84;8;OUI;0;1;0;46.88
ü§ñ AI Heuristic Strategy (Optimis√©e 150/150);85;8;OUI;0;1;0;45.31
ü§ñ AI Heuristic Strategy (Optimis√©e 150/150);86;9;OUI;0;1;0;50.62
ü§ñ AI Heuristic Strategy (Optimis√©e 150/150);87;9;OUI;0;1;0;38.27
ü§ñ AI Heuristic Strategy (Optimis√©e 150/150);88;9;OUI;0;1;0;48.15
ü§ñ AI Heuristic Strategy (Optimis√©e 150/150);89;9;OUI;0;1;0;59.26
ü§ñ AI Heuristic Strategy (Optimis√©e 150/150);90;9;OUI;0;1;0;50.62
ü§ñ AI Heuristic Strategy (Optimis√©e 150/150);91;5;OUI;0;1;0;52.00
ü§ñ AI Heuristic Strategy (Optimis√©e 150/150);92;5;OUI;0;1;0;52.00
ü§ñ AI Heuristic Strategy (Optimis√©e 150/150);93;5;OUI;0;1;0;60.00
ü§ñ AI Heuristic Strategy (Optimis√©e 150/150);94;5;OUI;1;1;0;60.00
ü§ñ AI Heuristic Strategy (Optimis√©e 150/150);95;5;OUI;0;1;0;40.00
ü§ñ AI Heuristic Strategy (Optimis√©e 150/150);96;5;OUI;0;1;0;32.00
ü§ñ AI Heuristic Strategy (Optimis√©e 150/150);97;5;OUI;0;1;0;52.00
ü§ñ AI Heuristic Strategy (Optimis√©e 150/150);98;5;OUI;0;1;0;44.00
ü§ñ AI Heuristic Strategy (Optimis√©e 150/150);99;5;OUI;0;1;0;48.00
ü§ñ AI Heuristic Strategy (Optimis√©e 150/150);100;5;OUI;0;1;0;64.00
ü§ñ AI Heuristic Strategy (Optimis√©e 150/150);101;6;OUI;0;1;0;58.33
ü§ñ AI Heuristic Strategy (Optimis√©e 150/150);102;6;OUI;0;1;0;47.22
ü§ñ AI Heuristic Strategy (Optimis√©e 150/150);103;6;OUI;0;1;0;55.56
ü§ñ AI Heuristic Strategy (Optimis√©e 150/150);104;6;OUI;0;1;0;44.44
ü§ñ AI Heuristic Strategy (Optimis√©e 150/150);105;6;OUI;0;1;0;47.22
ü§ñ AI Heuristic Strategy (Optimis√©e 150/150);106;6;OUI;0;1;0;50.00
ü§ñ AI Heuristic Strategy (Optimis√©e 150/150);107;6;OUI;1;5;0;41.67
ü§ñ AI Heuristic Strategy (Optimis√©e 150/150);108;6;OUI;0;1;0;50.00
ü§ñ AI Heuristic Strategy (Optimis√©e 150/150);109;6;OUI;0;1;0;55.56
ü§ñ AI Heuristic Strategy (Optimis√©e 150/150);110;6;OUI;0;1;0;36.11
ü§ñ AI Heuristic Strategy (Optimis√©e 150/150);111;7;OUI;0;1;0;42.86
ü§ñ AI Heuristic Strategy (Optimis√©e 150/150);112;7;NON;0;2;1;32.65
ü§ñ AI Heuristic Strategy (Optimis√©e 150/150);113;7;OUI;0;1;0;55.10
ü§ñ AI Heuristic Strategy (Optimis√©e 150/150);114;7;OUI;0;1;0;46.94
ü§ñ AI Heuristic Strategy (Optimis√©e 150/150);115;7;OUI;1;1;0;42.86
ü§ñ AI Heuristic Strategy (Optimis√©e 150/150);116;7;OUI;0;1;0;46.94
ü§ñ AI Heuristic Strategy (Optimis√©e 150/150);117;7;OUI;0;1;0;46.94
ü§ñ AI Heuristic Strategy (Optimis√©e 150/150);118;7;OUI;0;1;0;53.06
ü§ñ AI Heuristic Strategy (Optimis√©e 150/150);119;7;OUI;0;1;0;55.10
ü§ñ AI Heuristic Strategy (Optimis√©e 150/150);120;7;OUI;0;1;0;36.73
ü§ñ AI Heuristic Strategy (Optimis√©e 150/150);121;8;NON;1;2;1;7.81
ü§ñ AI Heuristic Strategy (Optimis√©e 150/150);122;8;OUI;0;1;0;43.75
ü§ñ AI Heuristic Strategy (Optimis√©e 150/150);123;8;OUI;0;1;0;50.00
ü§ñ AI Heuristic Strategy (Optimis√©e 150/150);124;8;OUI;0;1;0;45.31
ü§ñ AI Heuristic Strategy (Optimis√©e 150/150);125;8;OUI;0;1;0;50.00
ü§ñ AI Heuristic Strategy (Optimis√©e 150/150);126;8;OUI;0;1;0;46.88
ü§ñ AI Heuristic Strategy (Optimis√©e 150/150);127;8;OUI;0;1;0;45.31
ü§ñ AI Heuristic Strategy (Optimis√©e 150/150);128;8;OUI;0;1;0;56.25
ü§ñ AI Heuristic Strategy (Optimis√©e 150/150);129;8;OUI;0;1;0;53.13
ü§ñ AI Heuristic Strategy (Optimis√©e 150/150);130;8;OUI;0;1;0;54.69
ü§ñ AI Heuristic Strategy (Optimis√©e 150/150);131;9;NON;1;2;1;35.80
ü§ñ AI Heuristic Strategy (Optimis√©e 150/150);132;9;OUI;0;1;0;54.32
ü§ñ AI Heuristic Strategy (Optimis√©e 150/150);133;9;OUI;0;1;0;54.32
ü§ñ AI Heuristic Strategy (Optimis√©e 150/150);134;9;OUI;0;1;0;53.09
ü§ñ AI Heuristic Strategy (Optimis√©e 150/150);135;9;OUI;0;1;0;49.38
ü§ñ AI Heuristic Strategy (Optimis√©e 150/150);136;5;OUI;0;1;0;48.00
ü§ñ AI Heuristic Strategy (Optimis√©e 150/150);137;5;OUI;0;1;0;40.00
ü§ñ AI Heuristic Strategy (Optimis√©e 150/150);138;5;OUI;0;1;0;64.00
ü§ñ AI Heuristic Strategy (Optimis√©e 150/150);139;5;OUI;0;1;0;44.00
ü§ñ AI Heuristic Strategy (Optimis√©e 150/150);140;5;OUI;1;15;8;40.00
ü§ñ AI Heuristic Strategy (Optimis√©e 150/150);141;5;OUI;0;1;0;44.00
ü§ñ AI Heuristic Strategy (Optimis√©e 150/150);142;5;OUI;0;1;0;36.00
ü§ñ AI Heuristic Strategy (Optimis√©e 150/150);143;5;OUI;0;1;0;56.00
ü§ñ AI Heuristic Strategy (Optimis√©e 150/150);144;5;OUI;0;1;0;64.00
ü§ñ AI Heuristic Strategy (Optimis√©e 150/150);145;5;OUI;0;1;0;52.00
ü§ñ AI Heuristic Strategy (Optimis√©e 150/150);146;6;OUI;0;1;0;50.00
ü§ñ AI Heuristic Strategy (Optimis√©e 150/150);147;6;OUI;0;1;0;44.44
ü§ñ AI Heuristic Strategy (Optimis√©e 150/150);148;6;OUI;0;1;0;36.11
ü§ñ AI Heuristic Strategy (Optimis√©e 150/150);149;6;OUI;0;1;0;44.44
ü§ñ AI Heuristic Strategy (Optimis√©e 150/150);150;6;OUI;0;1;0;61.11
